{
  "dataframe_path": "./data/catalog.helios.public.20100101-20160101.pkl",
  "epochs": 100,
  "train_batch_size": 512,
  "val_batch_size": 1024,
  "model_name": "VGG2D",
  "saved_weights_path": "saved_models/vgg_2d/",
  "patch_size": 64,
  "compile_params":{"loss":"mse", "optimizer":"adam"},
  "train_stations": {
    "BND": [40.05192, -88.37309, 230],
    "TBL": [40.12498, -105.23680, 1689],
    "DRA": [36.62373, -116.01947, 1007],
    "FPK": [48.30783, -105.10170, 634],
    "GWN": [34.25470, -89.87290, 98],
    "PSU": [40.72012, -77.93085, 376],
    "SXF": [43.73403, -96.62328, 473]
  },
    "val_stations": {
    "BND": [40.05192, -88.37309, 230],
    "TBL": [40.12498, -105.23680, 1689],
    "DRA": [36.62373, -116.01947, 1007],
    "FPK": [48.30783, -105.10170, 634],
    "GWN": [34.25470, -89.87290, 98],
    "PSU": [40.72012, -77.93085, 376],
    "SXF": [43.73403, -96.62328, 473]
  },
  "target_time_offsets": [
    "P0DT0H0M0S",
    "P0DT1H0M0S",
    "P0DT3H0M0S",
    "P0DT6H0M0S"
  ],
    "previous_time_offsets": [
    "P0DT0H0M0S"
  ]
}
